id_registro,fecha,sucursal,monto_venta_soles,num_medicamentos
C16-0001,2026-01-03,Callao,73.88,4
C16-0002,2026-01-03,San Juan de Lurigancho,81.92,2
C16-0003,2026-01-03,Callao,26.1,4
C16-0004,2026-01-04,San Juan de Lurigancho,28.2,4
C16-0005,2026-01-05,Arequipa,26.4,2
C16-0006,2026-01-06,Arequipa,117.78,3
C16-0007,2026-01-07,San Juan de Lurigancho,73.83,1
C16-0008,2026-01-08,Callao,32.96,2
C16-0009,2026-01-09,Callao,49.14,1
C16-0010,2026-01-10,Callao,132.97,4
C16-0011,2026-01-11,Arequipa,27.89,2
C16-0012,2026-01-12,Callao,44.51,4
C16-0013,2026-01-13,San Juan de Lurigancho,105.01,1
C16-0014,2026-01-14,Callao,91.13,3
C16-0015,2026-01-15,Lima Centro,81.9,4
C16-0016,2026-01-16,Callao,32.83,3
C16-0017,2026-01-16,Arequipa,56.56,1
C16-0018,2026-01-16,Callao,12.86,2
C16-0019,2026-01-16,San Juan de Lurigancho,51.5,3
C16-0020,2026-01-17,San Juan de Lurigancho,44.34,3
C16-0021,2026-01-18,Lima Centro,37.83,2
C16-0022,2026-01-19,San Juan de Lurigancho,135.87,1
C16-0023,2026-01-19,San Juan de Lurigancho,57.38,1
C16-0024,2026-01-20,Arequipa,49.32,2
C16-0025,2026-01-20,Lima Centro,83.86,1
C16-0026,2026-01-21,Arequipa,172.71,3
C16-0027,2026-01-21,Arequipa,33.35,4
C16-0028,2026-01-21,Arequipa,88.37,3
C16-0029,2026-01-22,Arequipa,46.62,2
C16-0030,2026-01-22,San Juan de Lurigancho,24.55,2
C16-0031,2026-01-22,Callao,40.33,4
C16-0032,2026-01-26,Lima Centro,66.66,1
C16-0033,2026-01-27,San Juan de Lurigancho,55.83,4
C16-0034,2026-01-28,San Juan de Lurigancho,49.31,4
C16-0035,2026-01-29,San Juan de Lurigancho,64.76,2
C16-0036,2026-01-29,Lima Centro,45.66,3
C16-0037,2026-01-29,Arequipa,47.22,3
C16-0038,2026-01-30,Callao,30.28,5
C16-0039,2026-01-30,Lima Centro,78.47,4
C16-0040,2026-01-31,Arequipa,13.53,1
C16-0041,2026-01-31,San Juan de Lurigancho,73.26,1
C16-0042,2026-01-31,San Juan de Lurigancho,40.34,7
C16-0043,2026-01-31,San Juan de Lurigancho,105.9,5
C16-0044,2026-01-31,Arequipa,27.52,2
C16-0045,2026-02-01,San Juan de Lurigancho,15.01,1
C16-0046,2026-02-01,Callao,78.49,2
C16-0047,2026-02-01,Callao,109.15,1
C16-0048,2026-02-02,San Juan de Lurigancho,20.74,6
C16-0049,2026-02-02,Lima Centro,70.64,4
C16-0050,2026-02-05,Callao,68.8,1
C16-0051,2026-02-05,Callao,31.26,4
C16-0052,2026-02-08,San Juan de Lurigancho,96.58,2
C16-0053,2026-02-09,San Juan de Lurigancho,38.26,4
C16-0054,2026-02-10,San Juan de Lurigancho,122.59,1
C16-0055,2026-02-11,Arequipa,119.78,1
C16-0056,2026-02-11,Arequipa,43.74,1
C16-0057,2026-02-12,Lima Centro,44.39,3
C16-0058,2026-02-14,Callao,60.83,4
C16-0059,2026-02-14,San Juan de Lurigancho,19.88,6
C16-0060,2026-02-16,Callao,38.4,6
C16-0061,2026-02-16,San Juan de Lurigancho,65.56,3
C16-0062,2026-02-17,Lima Centro,221.62,3
C16-0063,2026-02-18,Lima Centro,116.25,4
C16-0064,2026-02-18,Arequipa,66.74,3
C16-0065,2026-02-19,San Juan de Lurigancho,38.12,5
C16-0066,2026-02-19,Lima Centro,69.45,2
C16-0067,2026-02-20,Arequipa,59.94,4
C16-0068,2026-02-20,Callao,24.94,3
C16-0069,2026-02-20,Lima Centro,46.55,4
C16-0070,2026-02-21,San Juan de Lurigancho,28.19,6
C16-0071,2026-02-23,San Juan de Lurigancho,47.82,4
C16-0072,2026-02-24,Lima Centro,7.06,4
C16-0073,2026-02-25,San Juan de Lurigancho,159.87,4
C16-0074,2026-02-26,Callao,41.7,3
C16-0075,2026-02-26,Arequipa,28.7,6
C16-0076,2026-02-26,Callao,38.37,2
C16-0077,2026-02-26,San Juan de Lurigancho,23.02,3
C16-0078,2026-02-26,San Juan de Lurigancho,58.15,5
C16-0079,2026-02-26,San Juan de Lurigancho,150.61,4
C16-0080,2026-02-28,Lima Centro,64.87,3
C16-0081,2026-02-28,Arequipa,44.67,3
C16-0082,2026-02-28,Callao,52.36,1
C16-0083,2026-02-28,San Juan de Lurigancho,68.97,3
C16-0084,2026-03-01,Arequipa,43.9,2
C16-0085,2026-03-01,San Juan de Lurigancho,44.71,5
C16-0086,2026-03-01,Callao,57.89,4
C16-0087,2026-03-02,Arequipa,66.02,1
C16-0088,2026-03-03,Arequipa,39.73,4
C16-0089,2026-03-03,San Juan de Lurigancho,77.53,4
C16-0090,2026-03-04,San Juan de Lurigancho,30.49,3
C16-0091,2026-03-05,Callao,18.51,4
C16-0092,2026-03-07,Callao,17.29,4
C16-0093,2026-03-07,San Juan de Lurigancho,80.35,4
C16-0094,2026-03-08,Callao,35.25,1
C16-0095,2026-03-09,Callao,54.68,4
C16-0096,2026-03-10,San Juan de Lurigancho,39.5,6
C16-0097,2026-03-10,San Juan de Lurigancho,50.75,1
C16-0098,2026-03-11,Callao,63.0,4
C16-0099,2026-03-11,San Juan de Lurigancho,26.41,1
C16-0100,2026-03-12,Callao,37.69,4
C16-0101,2026-03-13,San Juan de Lurigancho,159.77,5
C16-0102,2026-03-13,San Juan de Lurigancho,215.93,5
C16-0103,2026-03-15,San Juan de Lurigancho,70.98,1
C16-0104,2026-03-16,Arequipa,62.9,7
C16-0105,2026-03-17,Callao,39.15,4
C16-0106,2026-03-18,San Juan de Lurigancho,32.98,5
C16-0107,2026-03-18,Arequipa,90.93,1
C16-0108,2026-03-18,Callao,122.07,1
C16-0109,2026-03-19,Callao,76.5,2
C16-0110,2026-03-19,San Juan de Lurigancho,91.03,3
C16-0111,2026-03-20,Arequipa,35.82,4
C16-0112,2026-03-21,Lima Centro,112.76,1
C16-0113,2026-03-22,San Juan de Lurigancho,77.79,4
C16-0114,2026-03-22,San Juan de Lurigancho,44.58,5
C16-0115,2026-03-23,San Juan de Lurigancho,127.51,5
C16-0116,2026-03-23,Arequipa,33.87,2
C16-0117,2026-03-24,Lima Centro,29.75,2
C16-0118,2026-03-24,Arequipa,61.59,6
C16-0119,2026-03-25,Arequipa,29.99,4
C16-0120,2026-03-25,Callao,30.17,2
C16-0121,2026-03-25,San Juan de Lurigancho,97.09,3
C16-0122,2026-03-26,Arequipa,63.51,2
C16-0123,2026-03-28,San Juan de Lurigancho,49.11,3
C16-0124,2026-03-29,Callao,86.51,2
C16-0125,2026-03-29,Arequipa,62.53,3
C16-0126,2026-03-30,San Juan de Lurigancho,108.34,3
C16-0127,2026-03-31,Callao,97.56,2
C16-0128,2026-04-01,San Juan de Lurigancho,110.17,1
C16-0129,2026-04-03,San Juan de Lurigancho,33.6,3
C16-0130,2026-04-04,Lima Centro,95.53,4
C16-0131,2026-04-06,Lima Centro,56.55,4
C16-0132,2026-04-06,San Juan de Lurigancho,88.32,2
C16-0133,2026-04-06,San Juan de Lurigancho,68.28,3
C16-0134,2026-04-08,San Juan de Lurigancho,106.98,7
C16-0135,2026-04-10,Callao,53.28,1
C16-0136,2026-04-11,San Juan de Lurigancho,48.67,3
C16-0137,2026-04-13,Arequipa,81.64,1
C16-0138,2026-04-13,Lima Centro,43.96,4
C16-0139,2026-04-13,Callao,28.0,4
C16-0140,2026-04-15,Arequipa,49.69,4
C16-0141,2026-04-15,San Juan de Lurigancho,53.57,2
C16-0142,2026-04-16,Lima Centro,43.29,2
C16-0143,2026-04-17,San Juan de Lurigancho,57.92,1
C16-0144,2026-04-18,San Juan de Lurigancho,42.05,2
C16-0145,2026-04-18,San Juan de Lurigancho,40.8,2
C16-0146,2026-04-19,San Juan de Lurigancho,387.07,1
C16-0147,2026-04-19,Lima Centro,30.36,2
C16-0148,2026-04-20,Callao,69.19,6
C16-0149,2026-04-21,Arequipa,61.3,2
C16-0150,2026-04-23,San Juan de Lurigancho,42.76,2
C16-0151,2026-04-24,Callao,39.83,1
C16-0152,2026-04-24,Arequipa,28.0,3
C16-0153,2026-04-25,Callao,25.76,1
C16-0154,2026-04-26,Lima Centro,147.38,5
C16-0155,2026-04-27,Callao,28.41,1
C16-0156,2026-04-28,Lima Centro,30.22,1
C16-0157,2026-04-29,Callao,100.6,2
C16-0158,2026-04-29,San Juan de Lurigancho,26.9,1
C16-0159,2026-04-30,Lima Centro,122.98,3
C16-0160,2026-05-01,Arequipa,52.35,5
C16-0161,2026-05-02,Callao,131.1,5
C16-0162,2026-05-03,Callao,32.07,4
C16-0163,2026-05-03,Callao,36.48,2
C16-0164,2026-05-06,Callao,89.54,6
C16-0165,2026-05-06,San Juan de Lurigancho,49.93,8
C16-0166,2026-05-06,Callao,34.92,5
C16-0167,2026-05-07,Arequipa,95.1,1
C16-0168,2026-05-07,Arequipa,51.45,4
C16-0169,2026-05-07,San Juan de Lurigancho,36.03,3
C16-0170,2026-05-07,Callao,54.06,3
C16-0171,2026-05-08,San Juan de Lurigancho,82.94,4
C16-0172,2026-05-08,Lima Centro,43.59,5
C16-0173,2026-05-09,Arequipa,218.36,1
C16-0174,2026-05-10,Callao,76.91,4
C16-0175,2026-05-10,Lima Centro,48.93,1
C16-0176,2026-05-10,Callao,60.18,3
C16-0177,2026-05-10,Lima Centro,91.98,6
C16-0178,2026-05-11,Lima Centro,36.76,3
C16-0179,2026-05-12,Callao,44.63,3
C16-0180,2026-05-12,San Juan de Lurigancho,61.29,6
C16-0181,2026-05-12,Callao,44.73,3
C16-0182,2026-05-12,San Juan de Lurigancho,48.3,1
C16-0183,2026-05-13,Lima Centro,8.53,4
C16-0184,2026-05-13,San Juan de Lurigancho,39.44,1
C16-0185,2026-05-14,Lima Centro,46.94,3
C16-0186,2026-05-14,Callao,97.95,2
C16-0187,2026-05-15,Lima Centro,28.37,1
C16-0188,2026-05-16,San Juan de Lurigancho,60.73,7
C16-0189,2026-05-16,Lima Centro,41.61,2
C16-0190,2026-05-18,Lima Centro,52.89,5
C16-0191,2026-05-19,Callao,166.78,2
C16-0192,2026-05-19,San Juan de Lurigancho,154.27,4
C16-0193,2026-05-19,Callao,153.83,
C16-0194,2026-05-22,Callao,28.38,7
C16-0195,2026-05-23,Lima Centro,30.16,2
C16-0196,2026-05-23,San Juan de Lurigancho,,2
C16-0197,2026-05-26,Callao,27.4,4
C16-0198,2026-05-27,Callao,94.43,3
C16-0199,2026-05-29,Lima Centro,416.99,1
C16-0200,2026-05-29,Lima Centro,25.41,5
C16-0201,2026-05-30,Arequipa,98.16,2
C16-0202,2026-05-30,Lima Centro,56.25,2
C16-0203,2026-05-30,Lima Centro,70.86,2
C16-0204,2026-05-31,San Juan de Lurigancho,54.62,4
C16-0205,2026-05-31,San Juan de Lurigancho,,1
C16-0206,2026-06-01,Lima Centro,37.87,3
C16-0207,2026-06-01,San Juan de Lurigancho,35.75,1
C16-0208,2026-06-01,Lima Centro,22.75,4
C16-0209,2026-06-01,Callao,50.9,1
C16-0210,2026-06-01,Lima Centro,61.01,7
C16-0211,2026-06-02,Callao,30.21,2
C16-0212,2026-06-02,Arequipa,79.19,2
C16-0213,2026-06-04,Lima Centro,55.69,1
C16-0214,2026-06-06,San Juan de Lurigancho,86.03,5
C16-0215,2026-06-07,San Juan de Lurigancho,82.12,3
C16-0216,2026-06-08,Callao,,1
C16-0217,2026-06-08,Callao,251.15,3
C16-0218,2026-06-08,Callao,81.54,3
C16-0219,2026-06-10,San Juan de Lurigancho,117.16,1
C16-0220,2026-06-11,Arequipa,46.26,4
C16-0221,2026-06-11,Callao,58.28,2
C16-0222,2026-06-12,San Juan de Lurigancho,110.13,3
C16-0223,2026-06-13,Arequipa,34.03,4
C16-0224,2026-06-13,San Juan de Lurigancho,78.14,1
C16-0225,2026-06-14,Arequipa,147.14,4
C16-0226,2026-06-15,Arequipa,47.36,1
C16-0227,2026-06-16,San Juan de Lurigancho,73.06,1
C16-0228,2026-06-16,Callao,28.19,1
C16-0229,2026-06-17,San Juan de Lurigancho,72.47,4
C16-0230,2026-06-18,Lima Centro,69.26,3
C16-0231,2026-06-18,Lima Centro,55.19,1
C16-0232,2026-06-19,Arequipa,79.12,5
C16-0233,2026-06-19,Callao,47.5,6
C16-0234,2026-06-19,San Juan de Lurigancho,58.14,1
C16-0235,2026-06-20,Callao,116.23,6
C16-0236,2026-06-20,Lima Centro,96.81,3
C16-0237,2026-06-21,Arequipa,69.34,4
C16-0238,2026-06-21,Arequipa,173.21,6
C16-0239,2026-06-22,San Juan de Lurigancho,65.28,5
C16-0240,2026-06-22,Arequipa,55.04,1
C16-0241,2026-06-22,San Juan de Lurigancho,103.27,3
C16-0242,2026-06-22,Callao,248.04,1
C16-0243,2026-06-23,San Juan de Lurigancho,55.12,3
C16-0244,2026-06-24,Arequipa,49.17,2
C16-0245,2026-06-25,Callao,51.63,3
C16-0246,2026-06-25,Callao,41.98,5
C16-0247,2026-06-25,Callao,28.62,3
C16-0248,2026-06-28,San Juan de Lurigancho,100.03,3
C16-0249,2026-06-30,Arequipa,106.3,3
C16-0250,2026-06-30,Callao,84.16,4
